mem_type,op_type,size,p1,p10,p25,p50,p75,p90,p99,avg_latency
cached_enabled-enabled,Regular Read,16384,1160,1190,1350,1510,1810,1940,2110,1566.89
cached_enabled-enabled,Regular Write,2621440,214600,217400,222200,223600,224400,225600,232400,222896.78
cached_enabled-enabled,Regular Write,786432,59890,65130,66380,66610,66900,67070,68560,66163.13
cached_enabled-enabled,AVX512 Read,3145728,208800,210000,211400,212000,213800,214800,218800,212507.77
cached_enabled-enabled,NT Write,256,238,240,241,242,244,245,641,252.42
cached_enabled-enabled,Regular Write,32768,2940,3200,3450,3770,4180,4350,4650,3794.42
cached_enabled-enabled,NT Write,4096,300,310,310,310,310,470,560,347.63
cached_enabled-enabled,AVX512 Write,1572864,117200,120200,121600,124800,128400,129400,135200,124794.2
cached_enabled-enabled,Regular Write,262144,20380,20460,20560,20780,20990,21190,23650,20891.68
cached_enabled-enabled,NT Write,512,233,236,240,241,243,245,641,269.29
cached_enabled-enabled,NT Write,1310720,44400,44400,44400,44600,44800,44800,46800,44664.41
cached_enabled-enabled,AVX512 Read,2097152,134400,135000,137200,138400,139200,140200,144200,138153.17
cached_enabled-enabled,AVX512 Write,524288,37430,39050,40460,42050,43260,43740,44850,41752.96
cached_enabled-enabled,Regular Write,64,167,168,168,169,170,171,423,176.03
cached_enabled-enabled,AVX512 Write,32768,2720,2950,3150,3760,4280,4500,4900,3735.22
cached_enabled-enabled,AVX512 Read,262144,15790,15830,16110,16500,16890,17380,18290,16568.26
cached_enabled-enabled,Regular Read,128,24,168,169,170,171,172,563,172.93
cached_enabled-enabled,NT Write,262144,9030,9040,9050,9090,9230,9290,9360,9146.6
cached_enabled-enabled,AVX512 Write,3145728,246200,250800,254800,255200,259600,262800,270800,256518.75
cached_enabled-enabled,NT Read,512,30,100,178,181,196,340,579,198.98
cached_enabled-enabled,NT Write,65536,2390,2400,2400,2440,2650,2690,2710,2494.1
cached_enabled-enabled,NT Read,256,62,64,65,141,147,149,534,113.94
cached_enabled-enabled,Regular Read,1835008,164600,165400,165600,169200,169400,173000,181400,168777.39
cached_enabled-enabled,Regular Read,2621440,244600,246000,252400,252400,252400,252400,263800,252141.19
cached_enabled-enabled,AVX512 Write,4096,520,520,530,530,530,540,550,531.72
cached_enabled-enabled,Regular Write,512,214,218,221,224,229,231,572,243.79
cached_enabled-enabled,Regular Write,1572864,124800,126800,129400,129800,130200,132800,139200,130011.94
cached_enabled-enabled,NT Read,1024,160,160,160,230,290,350,630,247.52
cached_enabled-enabled,NT Read,1572864,99200,100200,101000,102200,102600,103000,106600,101966.55
cached_enabled-enabled,AVX512 Read,4096,320,330,340,360,390,610,910,406.85
cached_enabled-enabled,Regular Read,256,168,171,171,172,173,174,500,180.8
cached_enabled-enabled,AVX512 Write,1048576,74600,78000,80000,82200,83800,87400,88800,82212.09
cached_enabled-enabled,Regular Write,2359296,190600,191400,192000,192400,192800,194000,206800,193049.3
cached_enabled-enabled,AVX512 Read,1024,160,170,170,180,220,270,540,218.66
cached_enabled-enabled,AVX512 Write,2359296,182600,185400,190600,192000,192800,194000,201200,191361.86
cached_enabled-enabled,Regular Read,2359296,216000,220600,220800,220800,220800,220800,236400,221241.97
cached_enabled-enabled,Regular Write,65536,5390,5680,6010,6550,7200,7590,8110,6620.82
cached_enabled-enabled,AVX512 Read,1048576,64000,64600,65200,65800,66800,67800,69800,66015.38
cached_enabled-enabled,NT Read,2097152,134400,135200,137400,138400,139200,140400,144400,138229.98
cached_enabled-enabled,NT Write,1572864,53200,53400,53400,53400,53400,53600,55800,53468.46
cached_enabled-enabled,AVX512 Write,1835008,137800,141400,145000,147800,149400,152800,157800,146957.77
cached_enabled-enabled,Regular Write,3145728,263000,263200,263200,263800,268200,271000,278800,266033.03
cached_enabled-enabled,NT Read,1310720,80600,81800,82200,82600,83400,84200,87200,82957.92
cached_enabled-enabled,AVX512 Read,1572864,99200,100000,101000,102200,102600,103000,106600,101909.34
cached_enabled-enabled,AVX512 Read,1835008,117600,118400,118600,119200,120800,122000,126000,119832.46
cached_enabled-enabled,AVX512 Read,786432,46300,47240,47290,47380,48650,49510,51550,48022.77
cached_enabled-enabled,AVX512 Read,2621440,172000,173400,174000,174400,175400,176800,182000,174913.98
cached_enabled-enabled,NT Write,16384,730,730,730,750,870,910,1110,810.56
cached_enabled-enabled,Regular Write,8192,1260,1270,1280,1290,1620,1620,1650,1414.27
cached_enabled-enabled,AVX512 Write,262144,19000,19840,20270,20700,21190,21810,23110,20774.65
cached_enabled-enabled,NT Write,1835008,62200,62200,62200,62400,62400,62600,64800,62401.04
cached_enabled-enabled,NT Write,1024,270,270,280,280,280,560,660,318.28
cached_enabled-enabled,AVX512 Write,1024,110,110,120,190,200,410,500,199.3
cached_enabled-enabled,AVX512 Write,128,95,96,96,96,97,99,472,107.91
cached_enabled-enabled,Regular Write,128,129,130,131,131,132,133,134,131.55
cached_enabled-enabled,NT Read,2621440,172000,173200,174000,174400,175400,176800,182000,174930.06
cached_enabled-enabled,Regular Read,65536,5870,5950,5960,5970,5990,6000,6090,5980.86
cached_enabled-enabled,AVX512 Write,2621440,203200,207800,210200,214800,216200,217400,225000,213839.12
cached_enabled-enabled,AVX512 Write,256,130,137,138,139,140,140,141,138.55
cached_enabled-enabled,NT Write,128,100,101,102,103,103,104,407,113.38
cached_enabled-enabled,AVX512 Write,512,133,138,140,143,145,150,157,143.68
cached_enabled-enabled,Regular Read,786432,69350,69540,70640,70700,70770,71870,74790,70805.52
cached_enabled-enabled,Regular Write,1310720,105600,105800,106000,106000,106400,106600,114000,106428.02
cached_enabled-enabled,AVX512 Write,1310720,96000,98200,101000,102400,105800,108200,111400,103185.11
cached_enabled-enabled,Regular Write,2097152,168600,173800,176000,176400,176800,177400,185000,176214.05
cached_enabled-enabled,Regular Write,16384,2360,2400,2660,2740,2940,3050,3070,2748.19
cached_enabled-enabled,AVX512 Read,8192,470,480,490,520,660,800,850,578.14
cached_enabled-enabled,AVX512 Read,16384,880,900,1050,1180,1250,1390,1530,1159.16
cached_enabled-enabled,NT Write,64,16,17,17,18,18,18,19,17.69
cached_enabled-enabled,Regular Write,2883584,229600,236800,237800,239400,241400,242200,252600,239598.39
cached_enabled-enabled,NT Write,1048576,35600,35600,35600,35600,35800,35800,37000,35721.59
cached_enabled-enabled,Regular Read,2097152,194200,195000,197000,197000,199000,199600,210800,197670.34
cached_enabled-enabled,Regular Read,1572864,140600,141200,141600,141600,141600,142600,157400,142194.8
cached_enabled-enabled,AVX512 Read,128,20,22,157,177,179,181,541,145.08
cached_enabled-enabled,Regular Read,524288,46930,47000,47120,47160,47210,47320,52340,47255.09
cached_enabled-enabled,NT Read,16384,890,910,1050,1180,1240,1380,1520,1160.94
cached_enabled-enabled,NT Read,2883584,190600,192000,193000,194000,195400,197000,200800,194363.11
cached_enabled-enabled,NT Read,8192,470,480,490,520,670,800,850,582.33
cached_enabled-enabled,Regular Write,524288,41960,43390,43480,43650,43860,44100,45850,43703.93
cached_enabled-enabled,Regular Write,1835008,148200,148600,149000,149400,150200,153200,161000,150325.77
cached_enabled-enabled,NT Read,64,17,17,18,101,146,148,476,87.41
cached_enabled-enabled,NT Read,128,19,21,21,156,161,162,534,98.24
cached_enabled-enabled,NT Write,3145728,106400,106400,106400,106600,106600,106800,110400,106711.6
cached_enabled-enabled,AVX512 Read,512,31,176,178,182,184,187,575,199.45
cached_enabled-enabled,AVX512 Read,2359296,153600,155000,155600,157000,158000,158800,163000,156952.08
cached_enabled-enabled,Regular Read,1048576,94200,94200,94200,94200,94200,94200,102000,94451.04
cached_enabled-enabled,NT Read,786432,46300,47240,47280,47380,48580,49510,51480,48014.58
cached_enabled-enabled,NT Write,786432,26740,26760,26770,26800,27010,27110,28120,26914.66
cached_enabled-enabled,AVX512 Write,2883584,223200,229000,230200,231600,233400,236000,245600,232107.41
cached_enabled-enabled,NT Read,1835008,117600,118400,118600,119200,121000,122000,126000,119847.65
cached_enabled-enabled,NT Read,1048576,64000,64600,65200,65800,66800,67600,69800,66004.22
cached_enabled-enabled,NT Read,524288,30820,31100,31540,31590,32120,33020,34350,31932.42
cached_enabled-enabled,Regular Read,4096,330,350,360,430,470,750,1020,470.34
cached_enabled-enabled,Regular Read,2883584,264000,267800,268200,268400,268600,269800,284000,269077.19
cached_enabled-enabled,AVX512 Read,524288,30810,31100,31540,31600,32260,33070,34350,31964.13
cached_enabled-enabled,NT Write,2359296,79800,79800,80000,80000,80000,80200,83000,80086.39
cached_enabled-enabled,AVX512 Write,16384,2120,2130,2440,2480,2530,2780,3100,2474.4
cached_enabled-enabled,Regular Read,1310720,117600,117800,118000,121000,122200,122400,130200,120393.27
cached_enabled-enabled,Regular Read,64,18,18,19,82,153,154,473,90.82
cached_enabled-enabled,Regular Write,1024,230,240,240,240,320,330,630,291.98
cached_enabled-enabled,Regular Write,4096,720,720,730,730,750,1270,1300,828.22
cached_enabled-enabled,AVX512 Read,64,16,17,18,103,146,148,476,87.35
cached_enabled-enabled,NT Read,32768,1780,1920,2030,2200,2290,2360,2490,2174.21
cached_enabled-enabled,AVX512 Write,65536,5160,5390,5680,6030,6450,6900,7790,6108.25
cached_enabled-enabled,AVX512 Write,64,80,83,84,84,85,85,335,90.64
cached_enabled-enabled,NT Read,262144,15790,15820,16100,16490,16810,17330,18300,16548.41
cached_enabled-enabled,AVX512 Read,65536,3910,4200,4260,4360,4560,4760,4950,4413.5
cached_enabled-enabled,AVX512 Read,32768,1770,1920,2040,2200,2310,2380,2500,2182.91
cached_enabled-enabled,Regular Write,256,97,98,101,102,102,104,476,113.43
cached_enabled-enabled,AVX512 Write,8192,1050,1060,1060,1070,1080,1490,1490,1143.25
cached_enabled-enabled,AVX512 Read,256,65,169,171,173,176,177,534,180.37
cached_enabled-enabled,Regular Read,8192,600,610,610,680,1060,1080,1110,828.24
cached_enabled-enabled,NT Write,8192,460,460,460,460,700,790,810,573.57
cached_enabled-enabled,AVX512 Write,2097152,160000,164000,167400,168400,169800,172800,180600,168529.09
cached_enabled-enabled,NT Read,2359296,153600,155200,155600,157000,158200,158600,163000,157007.55
cached_enabled-enabled,NT Read,3145728,208800,210200,211400,212000,214000,215000,218800,212596.97
cached_enabled-enabled,AVX512 Read,1310720,80600,81800,82200,82600,83600,84400,87200,82988.35
cached_enabled-enabled,AVX512 Read,2883584,190400,192000,193000,194000,195400,197000,200600,194323.89
cached_enabled-enabled,Regular Read,512,117,123,158,159,161,195,530,175.91
cached_enabled-enabled,NT Write,524288,17890,17900,17910,17920,18100,18170,19240,18014.9
cached_enabled-enabled,Regular Read,1024,160,170,170,230,280,380,610,249.9
cached_enabled-enabled,Regular Write,1048576,84200,85000,87200,89400,89800,91200,92600,88653.26
cached_enabled-enabled,NT Write,2621440,88800,88800,88800,88800,89000,89000,92400,88992.73
cached_enabled-enabled,AVX512 Write,786432,56010,58020,58790,59780,61920,64810,66090,60539.62
cached_enabled-enabled,NT Read,65536,3910,4120,4250,4360,4570,4840,4960,4413.04
cached_enabled-enabled,Regular Read,32768,2390,2420,2760,3070,3310,3650,3690,3038.93
cached_enabled-enabled,Regular Read,3145728,291600,292000,292200,292200,292600,300200,308400,294162.78
cached_enabled-enabled,NT Write,32768,1280,1280,1280,1290,1560,1600,1620,1399.62
cached_enabled-enabled,Regular Read,262144,22450,22700,23590,23640,24560,24990,27350,23940.4
cached_enabled-enabled,NT Write,2883584,97600,97600,97600,97800,97800,98000,101400,97840.48
cached_enabled-enabled,NT Write,2097152,71000,71000,71000,71400,71400,71400,74000,71357.84
cached_enabled-enabled,NT Read,4096,320,360,360,380,420,640,920,431.76
cached_enabled-disabled,Regular Read,16384,1170,1210,1340,1660,1860,1920,2220,1621.02
cached_enabled-disabled,NT Write,256,228,230,230,232,233,234,460,239.66
cached_enabled-disabled,Regular Write,32768,3060,3170,3480,3950,4360,4650,4870,3942.47
cached_enabled-disabled,NT Write,4096,310,320,320,320,320,550,690,364.58
cached_enabled-disabled,NT Write,512,221,222,223,224,225,232,441,239.22
cached_enabled-disabled,Regular Write,64,156,157,158,159,160,161,473,167.24
cached_enabled-disabled,AVX512 Write,32768,2800,2940,3210,3700,3990,4210,4430,3629.23
cached_enabled-disabled,Regular Read,128,92,99,109,112,166,167,481,137.64
cached_enabled-disabled,NT Read,512,118,141,142,258,261,263,620,216.49
cached_enabled-disabled,NT Write,65536,2390,2400,2400,2410,2610,2730,2770,2493.53
cached_enabled-disabled,NT Read,256,140,141,142,258,263,265,625,213.06
cached_enabled-disabled,AVX512 Write,4096,520,520,530,530,540,540,550,533.13
cached_enabled-disabled,Regular Write,512,200,203,211,214,215,238,571,232.93
cached_enabled-disabled,NT Read,1024,160,160,160,290,290,390,500,249.28
cached_enabled-disabled,AVX512 Read,4096,320,330,340,370,400,630,920,412.74
cached_enabled-disabled,Regular Read,256,130,132,133,168,232,237,553,178.58
cached_enabled-disabled,AVX512 Read,1024,160,210,210,250,260,410,640,263.57
cached_enabled-disabled,Regular Write,65536,5440,5760,6030,6430,6640,6840,7260,6360.86
cached_enabled-disabled,NT Write,16384,730,740,740,800,870,1100,1130,845.9
cached_enabled-disabled,Regular Write,8192,1270,1280,1300,1380,1490,1580,1640,1409.82
cached_enabled-disabled,NT Write,1024,260,260,260,260,260,400,590,293.39
cached_enabled-disabled,AVX512 Write,1024,110,110,110,190,190,240,530,180.95
cached_enabled-disabled,AVX512 Write,128,81,82,82,83,83,84,334,88.47
cached_enabled-disabled,Regular Write,128,89,90,90,91,92,93,95,91.31
cached_enabled-disabled,Regular Read,65536,5900,5960,5970,5980,5990,6000,6070,5984.08
cached_enabled-disabled,AVX512 Write,256,115,120,122,122,123,123,127,122.22
cached_enabled-disabled,NT Write,128,17,17,18,18,18,19,19,18.01
cached_enabled-disabled,AVX512 Write,512,127,128,129,137,140,140,142,134.89
cached_enabled-disabled,Regular Write,16384,2340,2420,2600,2820,2970,3140,3160,2787.79
cached_enabled-disabled,AVX512 Read,8192,470,480,490,520,620,790,840,567.35
cached_enabled-disabled,AVX512 Read,16384,890,910,1010,1100,1180,1280,1490,1105.52
cached_enabled-disabled,NT Write,64,20,20,20,21,21,21,22,20.71
cached_enabled-disabled,AVX512 Read,128,24,26,111,113,163,165,495,130.94
cached_enabled-disabled,NT Read,16384,890,910,1010,1090,1180,1270,1500,1100.2
cached_enabled-disabled,NT Read,8192,470,480,490,520,620,790,840,568.17
cached_enabled-disabled,NT Read,64,27,27,27,104,161,162,515,100.04
cached_enabled-disabled,NT Read,128,24,110,112,156,193,194,510,151.07
cached_enabled-disabled,AVX512 Read,512,118,189,197,228,233,235,592,227.97
cached_enabled-disabled,Regular Read,4096,340,350,360,430,450,770,1020,471.15
cached_enabled-disabled,AVX512 Write,16384,2110,2130,2160,2440,2460,2520,2970,2368.23
cached_enabled-disabled,Regular Read,64,22,22,104,106,108,147,438,103.35
cached_enabled-disabled,Regular Write,1024,220,220,230,240,310,320,570,272.67
cached_enabled-disabled,Regular Write,4096,740,740,750,760,770,1080,1280,824.05
cached_enabled-disabled,AVX512 Read,64,17,18,26,104,142,159,479,96.24
cached_enabled-disabled,NT Read,32768,1790,1820,1880,2230,2500,2630,2980,2221.54
cached_enabled-disabled,AVX512 Write,65536,4810,5190,5500,5870,6310,6870,7580,5945.98
cached_enabled-disabled,AVX512 Write,64,80,81,81,82,82,83,322,87.94
cached_enabled-disabled,AVX512 Read,65536,3680,3750,4050,4380,4680,4820,5200,4353.31
cached_enabled-disabled,AVX512 Read,32768,1800,1830,1970,2260,2510,2640,2980,2232.67
cached_enabled-disabled,Regular Write,256,93,95,97,97,98,99,472,107.8
cached_enabled-disabled,AVX512 Write,8192,1040,1050,1050,1060,1070,1290,1400,1093.55
cached_enabled-disabled,AVX512 Read,256,145,147,148,163,168,170,528,166.76
cached_enabled-disabled,Regular Read,8192,600,620,620,880,1040,1060,1080,826.08
cached_enabled-disabled,NT Write,8192,450,450,450,460,690,800,830,573.59
cached_enabled-disabled,Regular Read,512,118,152,157,190,236,240,569,207.81
cached_enabled-disabled,Regular Read,1024,180,190,210,260,280,340,800,274.45
cached_enabled-disabled,NT Read,65536,3680,3750,4060,4380,4690,4850,5180,4357.12
cached_enabled-disabled,Regular Read,32768,2350,2440,2690,3070,3370,3630,3720,3034.04
cached_enabled-disabled,NT Write,32768,1280,1290,1290,1290,1530,1570,1600,1395.0
cached_enabled-disabled,NT Read,4096,320,360,370,390,430,640,920,438.75
cached_disabled-disabled,Regular Read,16384,860,860,920,940,960,970,970,927.91
cached_disabled-disabled,Regular Write,2621440,98000,98400,98400,98600,98600,98600,102200,98588.78
cached_disabled-disabled,Regular Write,786432,29530,29550,29560,29570,29580,29600,29630,29595.03
cached_disabled-disabled,AVX512 Read,3145728,85600,85600,85800,85800,85800,85800,89400,85851.98
cached_disabled-disabled,NT Write,256,140,141,141,142,143,143,145,142.43
cached_disabled-disabled,Regular Write,32768,1250,1250,1250,1260,1260,1260,1270,1255.87
cached_disabled-disabled,NT Write,4096,260,260,260,260,260,260,270,261.03
cached_disabled-disabled,AVX512 Write,1572864,37800,37800,38000,38000,38400,38800,39800,38241.36
cached_disabled-disabled,Regular Write,262144,9850,9860,9870,9880,9890,9900,11490,10001.71
cached_disabled-disabled,NT Write,512,139,148,149,149,150,151,152,149.25
cached_disabled-disabled,NT Write,1310720,44400,44400,44400,44400,44400,44400,46600,44468.8
cached_disabled-disabled,AVX512 Read,2097152,52800,52800,52800,53000,53000,53000,55800,52987.24
cached_disabled-disabled,AVX512 Write,524288,7110,7130,7180,7190,7230,7370,7500,7223.99
cached_disabled-disabled,Regular Write,64,17,17,18,18,19,28,29,19.83
cached_disabled-disabled,AVX512 Write,32768,170,170,170,170,170,170,180,173.59
cached_disabled-disabled,AVX512 Read,262144,1790,1790,1790,1790,1800,1800,1800,1794.25
cached_disabled-disabled,Regular Read,128,22,22,23,23,23,24,24,23.0
cached_disabled-disabled,NT Write,262144,8960,8970,8970,8980,8980,8990,9000,8987.39
cached_disabled-disabled,AVX512 Write,3145728,98800,99000,99000,99200,100000,100600,103800,99598.15
cached_disabled-disabled,NT Read,512,20,20,20,21,21,21,22,20.7
cached_disabled-disabled,NT Write,65536,2320,2320,2330,2330,2330,2330,2340,2332.12
cached_disabled-disabled,NT Read,256,18,18,19,19,20,20,20,19.2
cached_disabled-disabled,Regular Read,1835008,102600,102800,103000,103200,103200,103400,108200,103242.54
cached_disabled-disabled,Regular Read,2621440,146800,147000,147200,147400,147600,147800,153000,147574.81
cached_disabled-disabled,AVX512 Write,4096,30,30,40,40,40,40,40,34.94
cached_disabled-disabled,Regular Write,512,32,32,33,33,33,34,35,33.15
cached_disabled-disabled,Regular Write,1572864,55400,59000,59200,59200,59200,59200,61600,59026.47
cached_disabled-disabled,NT Read,1024,20,20,20,20,30,30,30,24.52
cached_disabled-disabled,NT Read,1572864,29200,29400,29400,29400,29600,29600,30000,29496.71
cached_disabled-disabled,AVX512 Read,4096,40,40,40,40,40,40,50,43.8
cached_disabled-disabled,Regular Read,256,26,27,27,27,28,28,29,27.37
cached_disabled-disabled,AVX512 Write,1048576,18000,18000,18000,18200,18200,18200,18600,18156.58
cached_disabled-disabled,Regular Write,2359296,87200,88600,88600,88600,88800,88800,91800,88721.28
cached_disabled-disabled,AVX512 Read,1024,20,20,20,20,20,20,20,23.58
cached_disabled-disabled,AVX512 Write,2359296,72600,72800,72800,73000,73800,74200,76600,73382.34
cached_disabled-disabled,Regular Read,2359296,132000,132400,132400,132600,132800,133000,138200,132788.25
cached_disabled-disabled,Regular Write,65536,2480,2490,2490,2490,2500,2500,2510,2494.01
cached_disabled-disabled,AVX512 Read,1048576,11200,11400,11400,11400,11400,11400,11600,11400.04
cached_disabled-disabled,NT Read,2097152,52600,52800,52800,52800,52800,53000,55800,52868.32
cached_disabled-disabled,NT Write,1572864,53200,53200,53200,53200,53200,53200,55600,53323.51
cached_disabled-disabled,AVX512 Write,1835008,50600,50800,50800,51000,51600,52000,54200,51242.97
cached_disabled-disabled,Regular Write,3145728,118200,118200,118200,118200,118200,118200,123000,118314.12
cached_disabled-disabled,NT Read,1310720,18200,18200,18200,18200,18200,18400,18600,18276.31
cached_disabled-disabled,AVX512 Read,1572864,29400,29400,29400,29400,29600,29600,30000,29509.92
cached_disabled-disabled,AVX512 Read,1835008,41800,41800,42000,42000,42000,42000,44600,42009.7
cached_disabled-disabled,AVX512 Read,786432,5290,5300,5300,5300,5310,5310,5320,5309.17
cached_disabled-disabled,AVX512 Read,2621440,70800,70800,71000,71000,71000,71200,74000,71074.27
cached_disabled-disabled,NT Write,16384,670,670,670,680,680,680,680,675.53
cached_disabled-disabled,Regular Write,8192,330,330,330,330,330,340,340,332.31
cached_disabled-disabled,AVX512 Write,262144,3550,3580,3590,3600,3650,3710,3820,3626.72
cached_disabled-disabled,NT Write,1835008,62000,62200,62200,62200,62200,62200,64600,62211.27
cached_disabled-disabled,NT Write,1024,150,150,150,150,150,160,160,153.13
cached_disabled-disabled,AVX512 Write,1024,20,20,20,20,20,20,20,19.77
cached_disabled-disabled,AVX512 Write,128,16,17,17,17,18,18,18,17.25
cached_disabled-disabled,Regular Write,128,19,19,19,20,20,20,20,19.69
cached_disabled-disabled,NT Read,2621440,70600,70800,70800,70800,71000,71000,74000,70950.45
cached_disabled-disabled,Regular Read,65536,3600,3660,3680,3700,3730,3750,3790,3706.58
cached_disabled-disabled,AVX512 Write,2621440,82000,82200,82200,82400,83200,83600,86400,82752.37
cached_disabled-disabled,AVX512 Write,256,16,17,17,18,18,18,19,17.58
cached_disabled-disabled,NT Write,128,20,20,20,21,21,21,21,20.58
cached_disabled-disabled,AVX512 Write,512,17,18,18,18,18,19,19,18.22
cached_disabled-disabled,Regular Read,786432,43860,44060,44150,44260,44340,44430,46300,44275.04
cached_disabled-disabled,Regular Write,1310720,47400,49200,49200,49200,49200,49400,51600,49271.66
cached_disabled-disabled,AVX512 Write,1310720,25800,26000,26000,26200,26200,26400,26800,26165.52
cached_disabled-disabled,Regular Write,2097152,75600,78800,78800,78800,78800,78800,81800,78805.02
cached_disabled-disabled,Regular Write,16384,630,640,640,640,640,640,650,639.55
cached_disabled-disabled,AVX512 Read,8192,70,70,70,70,70,70,70,71.63
cached_disabled-disabled,AVX512 Read,16384,130,130,130,130,140,140,140,133.4
cached_disabled-disabled,NT Write,64,20,20,20,20,21,21,21,20.42
cached_disabled-disabled,Regular Write,2883584,108200,108400,108400,108400,108400,108400,112600,108453.58
cached_disabled-disabled,NT Write,1048576,35600,35600,35600,35600,35600,35600,37000,35604.96
cached_disabled-disabled,Regular Read,2097152,117400,117600,117800,117800,118000,118200,123400,118009.95
cached_disabled-disabled,Regular Read,1572864,87800,88000,88200,88400,88400,88600,92200,88420.51
cached_disabled-disabled,AVX512 Read,128,17,17,18,18,18,18,19,17.89
cached_disabled-disabled,Regular Read,524288,29180,29360,29420,29520,29590,29660,29860,29526.42
cached_disabled-disabled,NT Read,16384,140,140,140,140,140,140,150,140.73
cached_disabled-disabled,NT Read,2883584,78200,78200,78200,78400,78400,78400,81800,78438.77
cached_disabled-disabled,NT Read,8192,80,80,80,80,80,80,80,77.17
cached_disabled-disabled,Regular Write,524288,19680,19710,19710,19720,19740,19750,19760,19739.83
cached_disabled-disabled,Regular Write,1835008,64800,69000,69000,69000,69000,69000,71800,68870.11
cached_disabled-disabled,NT Read,64,17,17,17,18,18,18,19,17.77
cached_disabled-disabled,NT Read,128,17,18,18,18,19,19,19,18.2
cached_disabled-disabled,NT Write,3145728,106400,106400,106400,106400,106400,106400,110400,106554.84
cached_disabled-disabled,AVX512 Read,512,18,19,19,19,20,20,20,19.27
cached_disabled-disabled,AVX512 Read,2359296,62400,62400,62400,62600,62600,62600,65400,62596.57
cached_disabled-disabled,Regular Read,1048576,58600,58800,58800,59000,59000,59200,61600,59008.81
cached_disabled-disabled,NT Read,786432,5740,5750,5750,5750,5750,5760,5760,5755.74
cached_disabled-disabled,NT Write,786432,26670,26680,26690,26690,26700,26710,28080,26730.36
cached_disabled-disabled,AVX512 Write,2883584,90600,90600,90800,90800,91600,92200,95400,91262.48
cached_disabled-disabled,NT Read,1835008,41600,41800,41800,41800,42000,42000,44400,41927.3
cached_disabled-disabled,NT Read,1048576,11600,11600,11600,11600,11800,11800,11800,11684.54
cached_disabled-disabled,NT Read,524288,3840,3840,3840,3840,3850,3850,3850,3847.13
cached_disabled-disabled,Regular Read,4096,220,220,230,240,250,250,250,240.86
cached_disabled-disabled,Regular Read,2883584,161400,161800,162000,162200,162400,162600,167800,162311.33
cached_disabled-disabled,AVX512 Read,524288,3540,3540,3550,3550,3550,3550,3560,3551.37
cached_disabled-disabled,NT Write,2359296,79800,79800,79800,79800,79800,79800,83000,79968.3
cached_disabled-disabled,AVX512 Write,16384,100,100,100,100,100,100,100,98.43
cached_disabled-disabled,Regular Read,1310720,73200,73400,73400,73600,73800,73800,76600,73678.01
cached_disabled-disabled,Regular Read,64,18,18,18,19,19,19,20,18.68
cached_disabled-disabled,Regular Write,1024,50,50,50,50,50,50,60,52.22
cached_disabled-disabled,Regular Write,4096,170,180,180,180,180,180,180,178.26
cached_disabled-disabled,AVX512 Read,64,16,17,17,18,18,18,19,17.63
cached_disabled-disabled,NT Read,32768,260,260,260,260,260,260,270,259.72
cached_disabled-disabled,AVX512 Write,65536,880,890,900,920,950,970,1000,924.82
cached_disabled-disabled,AVX512 Write,64,16,17,17,17,18,18,18,17.27
cached_disabled-disabled,NT Read,262144,1930,1940,1940,1940,1940,1940,1950,1939.77
cached_disabled-disabled,AVX512 Read,65536,470,470,470,470,470,470,480,470.52
cached_disabled-disabled,AVX512 Read,32768,240,240,240,240,240,240,250,241.48
cached_disabled-disabled,Regular Write,256,23,24,24,24,24,25,25,24.11
cached_disabled-disabled,AVX512 Write,8192,50,50,50,50,50,50,50,52.93
cached_disabled-disabled,AVX512 Read,256,17,17,18,18,19,19,20,18.2
cached_disabled-disabled,Regular Read,8192,420,420,460,480,490,490,500,470.15
cached_disabled-disabled,NT Write,8192,380,390,390,390,400,400,400,394.39
cached_disabled-disabled,AVX512 Write,2097152,62400,62600,62800,63000,63800,64200,66400,63293.18
cached_disabled-disabled,NT Read,2359296,62200,62400,62400,62400,62400,62600,65400,62481.73
cached_disabled-disabled,NT Read,3145728,85400,85600,85600,85600,85600,85800,89200,85707.79
cached_disabled-disabled,AVX512 Read,1310720,18000,18000,18000,18000,18200,18200,18200,18082.6
cached_disabled-disabled,AVX512 Read,2883584,78200,78400,78400,78400,78600,78600,81600,78565.48
cached_disabled-disabled,Regular Read,512,37,39,40,40,42,42,43,40.53
cached_disabled-disabled,NT Write,524288,17820,17830,17830,17840,17850,17850,19180,17864.61
cached_disabled-disabled,Regular Read,1024,60,70,70,70,70,70,70,68.24
cached_disabled-disabled,Regular Write,1048576,37400,39400,39400,39400,39400,39400,39600,39409.51
cached_disabled-disabled,NT Write,2621440,88600,88800,88800,88800,88800,88800,92200,88847.93
cached_disabled-disabled,AVX512 Write,786432,10660,10690,10770,10790,10820,10970,11190,10823.36
cached_disabled-disabled,NT Read,65536,500,500,500,510,510,510,510,507.09
cached_disabled-disabled,Regular Read,32768,1770,1770,1870,1870,1890,1900,1900,1864.23
cached_disabled-disabled,Regular Read,3145728,176200,176600,176600,176800,177200,177400,182600,177061.58
cached_disabled-disabled,NT Write,32768,1220,1220,1220,1230,1230,1230,1240,1228.34
cached_disabled-disabled,Regular Read,262144,9140,14640,14700,14750,14810,14870,14950,14693.61
cached_disabled-disabled,NT Write,2883584,97600,97600,97600,97600,97600,97600,101400,97696.21
cached_disabled-disabled,NT Write,2097152,71000,71000,71000,71000,71000,71000,73600,71071.39
cached_disabled-disabled,NT Read,4096,50,50,50,50,50,50,50,47.31
wc_enabled-disabled,NT Write,256,143,144,144,145,146,147,148,145.41
wc_enabled-disabled,Regular Write,32768,1250,1250,1250,1260,1260,1260,1270,1256.49
wc_enabled-disabled,NT Write,4096,250,260,260,260,260,270,270,261.18
wc_enabled-disabled,NT Write,512,143,152,152,153,153,154,156,152.79
wc_enabled-disabled,Regular Write,64,20,20,21,21,22,22,65,23.91
wc_enabled-disabled,AVX512 Write,32768,1070,1070,1070,1070,1070,1080,1080,1073.34
wc_enabled-disabled,Regular Read,128,1571,1573,1575,1577,1590,1956,1979,1657.82
wc_enabled-disabled,NT Read,512,116,117,118,118,119,120,490,132.55
wc_enabled-disabled,NT Write,65536,2320,2330,2330,2330,2340,2340,2350,2336.56
wc_enabled-disabled,NT Read,256,112,114,114,115,115,116,498,121.92
wc_enabled-disabled,AVX512 Write,4096,110,110,110,120,120,120,130,115.72
wc_enabled-disabled,Regular Write,512,136,136,136,136,137,138,138,136.66
wc_enabled-disabled,NT Read,1024,190,190,190,200,200,210,520,218.61
wc_enabled-disabled,Regular Read,256,2803,2809,2814,2821,3173,3206,3262,2963.84
wc_enabled-disabled,AVX512 Read,1024,1490,1490,1490,1510,1700,1870,2080,1610.34
wc_enabled-disabled,Regular Write,65536,2470,2480,2480,2490,2490,2490,2500,2489.15
wc_enabled-disabled,NT Write,16384,670,670,680,680,680,680,690,679.23
wc_enabled-disabled,Regular Write,8192,330,330,330,330,330,340,340,332.62
wc_enabled-disabled,NT Write,1024,160,160,160,160,160,160,160,157.69
wc_enabled-disabled,AVX512 Write,1024,30,120,120,120,130,130,130,118.16
wc_enabled-disabled,AVX512 Write,128,116,118,119,120,124,125,126,121.47
wc_enabled-disabled,Regular Write,128,18,19,19,19,20,121,123,40.97
wc_enabled-disabled,AVX512 Write,256,129,130,130,131,132,132,133,131.34
wc_enabled-disabled,NT Write,128,17,18,18,18,19,19,19,18.24
wc_enabled-disabled,AVX512 Write,512,18,18,18,19,22,22,23,19.97
wc_enabled-disabled,Regular Write,16384,630,640,640,640,640,640,650,640.12
wc_enabled-disabled,NT Write,64,20,20,20,21,21,21,22,20.75
wc_enabled-disabled,AVX512 Read,128,213,214,214,215,216,217,576,227.01
wc_enabled-disabled,NT Read,16384,1930,1950,2140,2210,2300,2380,2550,2207.53
wc_enabled-disabled,NT Read,8192,980,990,990,1000,1230,1380,1510,1092.48
wc_enabled-disabled,NT Read,64,93,94,95,95,96,96,455,101.19
wc_enabled-disabled,NT Read,128,113,114,115,115,115,116,498,122.24
wc_enabled-disabled,AVX512 Read,512,751,753,755,756,760,1111,1142,802.65
wc_enabled-disabled,AVX512 Write,16384,510,510,510,510,510,520,520,512.72
wc_enabled-disabled,Regular Read,64,680,681,682,684,685,687,1051,716.25
wc_enabled-disabled,Regular Write,1024,50,60,70,130,130,130,130,108.8
wc_enabled-disabled,Regular Write,4096,170,180,180,180,180,180,180,178.31
wc_enabled-disabled,AVX512 Read,64,98,99,99,100,101,102,398,105.82
wc_enabled-disabled,NT Read,32768,3930,4060,4160,4320,4480,4850,5140,4371.37
wc_enabled-disabled,AVX512 Write,65536,2170,2170,2180,2180,2180,2180,2190,2181.06
wc_enabled-disabled,AVX512 Write,64,100,101,105,105,106,107,108,105.16
wc_enabled-disabled,Regular Write,256,131,132,132,133,133,134,135,133.14
wc_enabled-disabled,AVX512 Write,8192,230,240,240,240,240,240,240,237.59
wc_enabled-disabled,AVX512 Read,256,371,372,373,375,376,380,773,394.0
wc_enabled-disabled,NT Write,8192,390,400,400,400,400,400,410,399.76
wc_enabled-disabled,Regular Read,512,5830,5839,5854,6167,6232,6522,7483,6138.32
wc_enabled-disabled,Regular Read,1024,11670,11700,12040,12460,12850,13950,15580,12663.95
wc_enabled-disabled,NT Read,65536,8380,8520,8610,8750,8910,9170,9550,8794.9
wc_enabled-disabled,NT Write,32768,1220,1220,1220,1220,1230,1230,1230,1226.51
wc_enabled-disabled,NT Read,4096,530,530,540,540,550,860,970,599.98
wc_disabled-disabled,NT Write,256,133,141,142,143,144,145,146,142.81
wc_disabled-disabled,Regular Write,32768,1250,1250,1250,1260,1260,1260,1270,1256.43
wc_disabled-disabled,NT Write,4096,260,260,260,260,270,270,270,264.59
wc_disabled-disabled,NT Write,512,131,139,139,140,141,142,143,140.17
wc_disabled-disabled,Regular Write,64,17,17,18,18,18,19,64,19.23
wc_disabled-disabled,AVX512 Write,32768,1060,1070,1070,1070,1070,1070,1080,1071.73
wc_disabled-disabled,Regular Read,128,1499,1502,1504,1506,1518,1859,1918,1583.58
wc_disabled-disabled,NT Read,512,111,111,112,113,114,115,409,122.92
wc_disabled-disabled,NT Write,65536,2330,2330,2340,2340,2340,2340,2350,2341.27
wc_disabled-disabled,NT Read,256,113,114,115,116,117,118,454,122.8
wc_disabled-disabled,AVX512 Write,4096,110,110,110,120,120,120,120,115.6
wc_disabled-disabled,Regular Write,512,122,123,123,124,124,125,128,123.97
wc_disabled-disabled,NT Read,1024,200,200,200,200,200,210,450,218.62
wc_disabled-disabled,Regular Read,256,2958,2963,2967,2975,3323,3358,3527,3125.04
wc_disabled-disabled,AVX512 Read,1024,1500,1500,1500,1560,1610,1700,2090,1588.08
wc_disabled-disabled,Regular Write,65536,2470,2480,2480,2490,2490,2490,2500,2489.22
wc_disabled-disabled,NT Write,16384,670,680,680,680,680,680,690,679.82
wc_disabled-disabled,Regular Write,8192,330,330,330,330,330,340,340,332.78
wc_disabled-disabled,NT Write,1024,160,160,160,160,160,160,160,158.08
wc_disabled-disabled,AVX512 Write,1024,20,20,20,120,130,130,130,74.65
wc_disabled-disabled,AVX512 Write,128,123,124,124,125,126,129,131,126.06
wc_disabled-disabled,Regular Write,128,19,19,19,19,20,20,20,19.47
wc_disabled-disabled,AVX512 Write,256,124,126,127,128,129,129,130,128.0
wc_disabled-disabled,NT Write,128,20,20,20,20,21,21,21,20.38
wc_disabled-disabled,AVX512 Write,512,18,18,19,19,19,20,20,18.97
wc_disabled-disabled,Regular Write,16384,630,640,640,640,640,640,650,640.33
wc_disabled-disabled,NT Write,64,19,20,20,20,20,21,21,20.15
wc_disabled-disabled,AVX512 Read,128,204,205,206,207,208,209,602,219.26
wc_disabled-disabled,NT Read,16384,1950,1980,2120,2230,2330,2430,2510,2226.65
wc_disabled-disabled,NT Read,8192,990,1000,1000,1010,1180,1380,1840,1104.36
wc_disabled-disabled,NT Read,64,94,95,96,96,97,97,389,101.0
wc_disabled-disabled,NT Read,128,113,114,115,115,115,116,497,122.21
wc_disabled-disabled,AVX512 Read,512,722,725,726,728,731,917,1014,759.21
wc_disabled-disabled,AVX512 Write,16384,510,520,520,520,520,520,520,518.75
wc_disabled-disabled,Regular Read,64,675,677,679,680,682,684,1077,714.93
wc_disabled-disabled,Regular Write,1024,50,50,50,50,130,130,130,73.78
wc_disabled-disabled,Regular Write,4096,170,180,180,180,180,180,180,178.6
wc_disabled-disabled,AVX512 Read,64,100,100,101,102,102,103,407,107.14
wc_disabled-disabled,NT Read,32768,3850,3900,4030,4320,4760,5150,5360,4435.61
wc_disabled-disabled,AVX512 Write,65536,2170,2180,2180,2180,2180,2190,2190,2183.75
wc_disabled-disabled,AVX512 Write,64,107,108,108,109,112,113,114,110.03
wc_disabled-disabled,Regular Write,256,125,127,129,130,131,132,133,130.11
wc_disabled-disabled,AVX512 Write,8192,240,240,240,240,240,250,250,242.84
wc_disabled-disabled,AVX512 Read,256,389,391,392,393,395,397,778,414.62
wc_disabled-disabled,NT Write,8192,400,400,400,400,400,410,410,402.18
wc_disabled-disabled,Regular Read,512,5617,5636,5653,5961,6002,6013,7409,5872.24
wc_disabled-disabled,Regular Read,1024,11770,12110,12170,12470,12860,13730,14700,12641.19
wc_disabled-disabled,NT Read,65536,8120,8230,8340,8450,8660,9180,9580,8577.64
wc_disabled-disabled,NT Write,32768,1220,1220,1230,1230,1230,1240,1240,1231.11
wc_disabled-disabled,NT Read,4096,540,540,540,550,560,890,960,606.35
wc_disabled-enabled,NT Write,256,221,222,223,225,226,227,622,238.27
wc_disabled-enabled,Regular Write,32768,1360,1420,1430,1520,1650,1720,1780,1535.73
wc_disabled-enabled,NT Write,4096,310,320,320,320,320,600,680,368.94
wc_disabled-enabled,NT Write,512,236,238,239,240,244,248,588,261.73
wc_disabled-enabled,Regular Write,64,193,212,214,216,218,220,538,225.58
wc_disabled-enabled,AVX512 Write,32768,1160,1170,1170,1170,1310,1490,1500,1244.4
wc_disabled-enabled,Regular Read,128,1405,1407,1409,1413,1419,1777,1798,1484.46
wc_disabled-enabled,NT Read,512,189,190,191,192,194,198,585,214.67
wc_disabled-enabled,NT Write,65536,2390,2400,2400,2430,2650,2700,2720,2501.13
wc_disabled-enabled,NT Read,256,139,176,176,177,178,178,568,186.79
wc_disabled-enabled,AVX512 Write,4096,240,240,250,250,250,610,650,302.77
wc_disabled-enabled,Regular Write,512,229,233,233,234,235,236,594,254.6
wc_disabled-enabled,NT Read,1024,250,250,260,260,260,410,600,294.54
wc_disabled-enabled,Regular Read,256,2834,2841,2845,2852,3208,3240,3599,3002.67
wc_disabled-enabled,AVX512 Read,1024,1550,1550,1560,1560,1910,1990,2320,1712.64
wc_disabled-enabled,Regular Write,65536,2570,2650,2660,2720,2840,2960,3040,2762.42
wc_disabled-enabled,NT Write,16384,730,730,730,740,980,1070,1090,849.13
wc_disabled-enabled,Regular Write,8192,480,500,510,510,750,810,860,607.36
wc_disabled-enabled,NT Write,1024,260,260,260,270,270,400,600,293.65
wc_disabled-enabled,AVX512 Write,1024,30,30,30,30,30,30,30,30.38
wc_disabled-enabled,AVX512 Write,128,16,17,17,17,18,18,19,17.41
wc_disabled-enabled,Regular Write,128,188,189,190,192,194,195,422,198.78
wc_disabled-enabled,AVX512 Write,256,211,212,214,215,215,216,604,226.95
wc_disabled-enabled,NT Write,128,82,82,83,83,84,85,369,91.96
wc_disabled-enabled,AVX512 Write,512,224,226,228,229,230,231,599,251.24
wc_disabled-enabled,Regular Write,16384,770,810,810,830,970,1150,1200,912.98
wc_disabled-enabled,NT Write,64,16,17,17,18,18,18,19,17.68
wc_disabled-enabled,AVX512 Read,128,253,254,255,256,258,260,649,270.59
wc_disabled-enabled,NT Read,16384,2020,2030,2050,2270,2350,2510,2780,2262.3
wc_disabled-enabled,NT Read,8192,1090,1100,1110,1130,1470,1530,1680,1258.96
wc_disabled-enabled,NT Read,64,144,147,173,177,178,178,482,178.54
wc_disabled-enabled,NT Read,128,128,132,135,163,164,165,515,163.83
wc_disabled-enabled,AVX512 Read,512,824,826,827,830,834,920,1000,847.58
wc_disabled-enabled,AVX512 Write,16384,610,620,620,620,840,860,900,699.25
wc_disabled-enabled,Regular Read,64,825,829,830,831,833,1143,1226,872.66
wc_disabled-enabled,Regular Write,1024,240,240,240,250,250,390,620,273.96
wc_disabled-enabled,Regular Write,4096,340,350,350,360,370,580,780,405.36
wc_disabled-enabled,AVX512 Read,64,184,185,186,187,188,189,545,197.35
wc_disabled-enabled,NT Read,32768,4010,4070,4210,4370,4510,4640,4940,4374.85
wc_disabled-enabled,AVX512 Write,65536,2270,2280,2280,2320,2510,2640,2660,2401.53
wc_disabled-enabled,AVX512 Write,64,17,17,18,18,18,18,19,17.89
wc_disabled-enabled,Regular Write,256,22,23,24,24,25,25,26,24.37
wc_disabled-enabled,AVX512 Write,8192,340,340,350,350,530,700,730,444.76
wc_disabled-enabled,AVX512 Read,256,442,444,445,446,447,450,816,469.87
wc_disabled-enabled,NT Write,8192,460,460,460,460,660,710,730,538.06
wc_disabled-enabled,Regular Read,512,5797,5806,5824,6155,6199,6501,7669,6116.28
wc_disabled-enabled,Regular Read,1024,11440,11790,11840,12220,12620,14560,15240,12579.75
wc_disabled-enabled,NT Read,65536,8210,8310,8510,8770,9010,9180,9580,8775.79
wc_disabled-enabled,NT Write,32768,1280,1290,1290,1390,1520,1580,1630,1407.3
wc_disabled-enabled,NT Read,4096,630,640,650,660,700,960,1340,732.69
wc_enabled-enabled,Regular Write,2621440,98600,98600,98600,98600,98800,99000,102400,98868.16
wc_enabled-enabled,Regular Write,786432,29620,29710,29730,29770,29880,30070,31110,29857.93
wc_enabled-enabled,NT Write,256,240,249,249,250,251,252,509,259.51
wc_enabled-enabled,Regular Write,32768,1340,1420,1430,1440,1640,1730,1800,1517.13
wc_enabled-enabled,NT Write,4096,310,310,320,320,320,570,690,365.26
wc_enabled-enabled,AVX512 Write,1572864,53200,53200,53200,53200,53400,53600,55800,53381.51
wc_enabled-enabled,Regular Write,262144,9970,10020,10040,10070,10280,10390,11850,10219.13
wc_enabled-enabled,NT Write,512,243,245,246,247,249,252,619,270.14
wc_enabled-enabled,NT Write,1310720,44400,44400,44400,44600,44800,44800,46800,44657.24
wc_enabled-enabled,AVX512 Write,524288,17770,17780,17790,17800,17900,17940,19130,17872.61
wc_enabled-enabled,Regular Write,64,218,240,241,242,243,243,578,254.0
wc_enabled-enabled,AVX512 Write,32768,1170,1170,1170,1180,1350,1370,1380,1245.34
wc_enabled-enabled,Regular Read,128,1525,1527,1529,1532,1536,1885,1938,1607.11
wc_enabled-enabled,NT Write,262144,9030,9040,9040,9150,9280,9320,9430,9176.47
wc_enabled-enabled,AVX512 Write,3145728,106400,106400,106400,106400,106600,106800,110400,106617.3
wc_enabled-enabled,NT Read,512,188,190,191,192,193,194,566,213.6
wc_enabled-enabled,NT Write,65536,2390,2390,2400,2480,2620,2670,2680,2500.35
wc_enabled-enabled,NT Read,256,190,191,192,193,196,198,520,203.4
wc_enabled-enabled,AVX512 Write,4096,240,240,240,250,260,590,650,301.02
wc_enabled-enabled,Regular Write,512,233,236,237,239,240,241,487,253.48
wc_enabled-enabled,Regular Write,1572864,59200,59200,59200,59400,59600,59600,62000,59471.75
wc_enabled-enabled,NT Read,1024,250,260,260,260,260,540,630,297.28
wc_enabled-enabled,NT Read,1572864,202800,203400,203800,204000,204600,207600,215400,204795.89
wc_enabled-enabled,Regular Read,256,3017,3022,3027,3033,3389,3418,3580,3188.26
wc_enabled-enabled,AVX512 Write,1048576,35400,35400,35600,35600,35800,35800,37200,35643.44
wc_enabled-enabled,Regular Write,2359296,88600,88800,88800,88800,89000,89200,91600,88958.23
wc_enabled-enabled,AVX512 Read,1024,1580,1580,1580,1600,1850,2160,2290,1756.95
wc_enabled-enabled,AVX512 Write,2359296,79800,79800,79800,79800,79800,80200,83000,79963.85
wc_enabled-enabled,Regular Write,65536,2550,2650,2660,2740,2850,2960,3040,2763.11
wc_enabled-enabled,NT Read,2097152,270000,274000,274400,274400,274600,276600,288000,275151.09
wc_enabled-enabled,NT Write,1572864,53200,53400,53400,53400,53600,53600,55800,53490.99
wc_enabled-enabled,AVX512 Write,1835008,62000,62000,62000,62200,62400,62400,64800,62277.96
wc_enabled-enabled,Regular Write,3145728,118200,118200,118400,118400,118600,118800,122400,118595.68
wc_enabled-enabled,NT Read,1310720,168200,171800,172200,172600,172800,172800,180600,172669.89
wc_enabled-enabled,NT Write,16384,730,730,730,740,980,1080,1100,855.96
wc_enabled-enabled,Regular Write,8192,480,490,500,510,530,780,820,559.74
wc_enabled-enabled,AVX512 Write,262144,8910,8920,8930,8960,9180,9280,9330,9059.93
wc_enabled-enabled,NT Write,1835008,62200,62200,62200,62200,62400,62600,64800,62400.17
wc_enabled-enabled,NT Write,1024,260,260,260,270,270,530,630,307.58
wc_enabled-enabled,AVX512 Write,1024,30,30,30,30,30,30,30,31.93
wc_enabled-enabled,AVX512 Write,128,16,17,17,17,18,18,18,17.35
wc_enabled-enabled,Regular Write,128,216,218,219,219,222,223,450,227.59
wc_enabled-enabled,NT Read,2621440,336800,337200,338400,343000,344600,345000,355200,341875.0
wc_enabled-enabled,AVX512 Write,2621440,88600,88600,88600,88600,88800,89000,92200,88869.38
wc_enabled-enabled,AVX512 Write,256,226,235,237,238,241,242,459,246.42
wc_enabled-enabled,NT Write,128,96,97,98,98,99,100,285,104.74
wc_enabled-enabled,AVX512 Write,512,231,234,234,235,238,241,536,252.98
wc_enabled-enabled,Regular Write,1310720,49400,49400,49400,49400,49600,49800,51800,49570.33
wc_enabled-enabled,AVX512 Write,1310720,44400,44400,44400,44400,44600,44600,46600,44534.48
wc_enabled-enabled,Regular Write,2097152,78800,79000,79000,79000,79200,79200,82000,79138.64
wc_enabled-enabled,Regular Write,16384,760,770,810,840,1020,1130,1170,915.22
wc_enabled-enabled,NT Write,64,16,17,17,18,18,18,19,17.7
wc_enabled-enabled,Regular Write,2883584,108400,108400,108400,108600,108600,108800,112200,108695.34
wc_enabled-enabled,NT Write,1048576,35600,35600,35600,35600,35800,35800,37200,35741.21
wc_enabled-enabled,AVX512 Read,128,277,279,280,280,282,284,646,295.54
wc_enabled-enabled,NT Read,16384,2020,2030,2040,2080,2410,2580,2940,2231.84
wc_enabled-enabled,NT Read,2883584,372400,373600,375800,376400,377000,379400,389800,376842.75
wc_enabled-enabled,NT Read,8192,1090,1100,1100,1110,1240,1590,1910,1224.54
wc_enabled-enabled,Regular Write,524288,19810,19870,19890,19900,19930,19980,21070,19940.89
wc_enabled-enabled,Regular Write,1835008,69000,69000,69200,69200,69200,69400,71800,69277.81
wc_enabled-enabled,NT Read,64,184,185,187,187,188,191,521,197.14
wc_enabled-enabled,NT Read,128,150,176,177,178,178,179,571,187.35
wc_enabled-enabled,NT Write,3145728,106400,106400,106400,106600,106800,106800,110400,106722.98
wc_enabled-enabled,AVX512 Read,512,838,840,842,844,864,1198,1244,898.49
wc_enabled-enabled,NT Read,786432,101630,101820,101890,101980,102080,102220,109760,102305.87
wc_enabled-enabled,NT Write,786432,26740,26750,26760,26780,27000,27110,28310,26893.54
wc_enabled-enabled,AVX512 Write,2883584,97400,97600,97600,97600,97800,97800,101200,97760.38
wc_enabled-enabled,NT Read,1835008,234600,235200,235600,236200,242000,242600,251800,238416.95
wc_enabled-enabled,NT Read,1048576,133800,135600,136600,137200,137800,138400,145400,137318.44
wc_enabled-enabled,NT Read,524288,68880,70090,70220,70600,70960,71050,74790,70642.17
wc_enabled-enabled,NT Write,2359296,79800,79800,80000,80000,80000,80200,83000,80076.34
wc_enabled-enabled,AVX512 Write,16384,600,610,610,610,720,900,1000,696.17
wc_enabled-enabled,Regular Read,64,900,901,902,904,905,1281,1291,952.79
wc_enabled-enabled,Regular Write,1024,240,240,250,250,250,530,630,285.84
wc_enabled-enabled,Regular Write,4096,330,340,350,360,370,580,790,403.09
wc_enabled-enabled,AVX512 Read,64,201,202,203,204,204,205,565,214.44
wc_enabled-enabled,NT Read,32768,4020,4140,4230,4360,4480,4540,5050,4364.67
wc_enabled-enabled,AVX512 Write,65536,2270,2280,2290,2410,2500,2520,2670,2400.82
wc_enabled-enabled,AVX512 Write,64,17,17,18,18,18,18,19,17.92
wc_enabled-enabled,NT Read,262144,33830,34180,34330,34750,36260,36550,38040,35303.27
wc_enabled-enabled,Regular Write,256,22,23,24,24,25,25,26,24.29
wc_enabled-enabled,AVX512 Write,8192,340,340,340,340,350,690,730,408.99
wc_enabled-enabled,AVX512 Read,256,473,474,475,477,478,481,856,502.66
wc_enabled-enabled,NT Write,8192,450,450,460,460,500,700,840,508.96
wc_enabled-enabled,AVX512 Write,2097152,70800,71000,71000,71000,71200,71200,73800,71150.38
wc_enabled-enabled,NT Read,2359296,303400,304800,305400,306200,307200,309200,320200,306930.38
wc_enabled-enabled,NT Read,3145728,405800,406600,407400,408000,409200,413600,422600,409046.53
wc_enabled-enabled,Regular Read,512,5926,5933,5952,6284,6328,6594,7774,6257.96
wc_enabled-enabled,NT Write,524288,17880,17900,17910,17920,18070,18210,19250,18015.14
wc_enabled-enabled,Regular Read,1024,11720,12020,12100,12480,12820,14330,15410,12721.87
wc_enabled-enabled,Regular Write,1048576,39400,39600,39600,39600,39800,39800,41400,39728.0
wc_enabled-enabled,NT Write,2621440,88800,88800,88800,88800,89000,89200,92200,88993.95
wc_enabled-enabled,AVX512 Write,786432,26620,26640,26660,26770,26880,26950,28190,26814.32
wc_enabled-enabled,NT Read,65536,7950,8070,8670,8930,9130,9310,9770,8850.14
wc_enabled-enabled,NT Write,32768,1290,1290,1290,1300,1500,1590,1620,1395.42
wc_enabled-enabled,NT Write,2883584,97600,97600,97600,97600,97800,98000,101400,97858.05
wc_enabled-enabled,NT Write,2097152,71000,71000,71000,71000,71200,71400,73800,71236.88
wc_enabled-enabled,NT Read,4096,630,640,640,650,680,960,1350,724.36
cached_disabled-enabled,Regular Read,16384,860,860,920,930,960,970,970,924.3
cached_disabled-enabled,NT Write,256,129,131,133,134,135,135,136,133.64
cached_disabled-enabled,Regular Write,32768,1250,1250,1250,1250,1260,1260,1270,1255.58
cached_disabled-enabled,NT Write,4096,250,250,260,260,260,260,270,256.49
cached_disabled-enabled,NT Write,512,139,140,141,141,142,144,150,141.95
cached_disabled-enabled,Regular Write,64,17,17,18,18,18,41,44,20.64
cached_disabled-enabled,AVX512 Write,32768,170,170,170,170,170,180,180,173.75
cached_disabled-enabled,Regular Read,128,22,22,23,23,23,24,24,22.93
cached_disabled-enabled,NT Read,512,20,20,20,21,21,21,22,20.64
cached_disabled-enabled,NT Write,65536,2320,2320,2330,2330,2330,2330,2340,2331.39
cached_disabled-enabled,NT Read,256,18,19,19,19,20,20,20,19.23
cached_disabled-enabled,AVX512 Write,4096,30,30,30,40,40,40,40,34.77
cached_disabled-enabled,Regular Write,512,32,32,33,33,33,34,34,33.2
cached_disabled-enabled,NT Read,1024,20,20,20,20,30,30,30,24.48
cached_disabled-enabled,AVX512 Read,4096,40,40,40,40,40,50,50,43.85
cached_disabled-enabled,Regular Read,256,25,25,26,27,27,28,28,26.83
cached_disabled-enabled,AVX512 Read,1024,20,20,20,20,20,20,30,23.66
cached_disabled-enabled,Regular Write,65536,2480,2490,2490,2490,2500,2500,2510,2493.98
cached_disabled-enabled,NT Write,16384,660,670,670,670,670,670,680,671.14
cached_disabled-enabled,Regular Write,8192,330,330,330,330,330,340,340,332.77
cached_disabled-enabled,NT Write,1024,150,150,160,160,160,160,160,156.01
cached_disabled-enabled,AVX512 Write,1024,20,20,20,20,20,20,20,19.78
cached_disabled-enabled,AVX512 Write,128,16,17,17,17,18,18,18,17.23
cached_disabled-enabled,Regular Write,128,19,19,19,20,20,20,21,19.75
cached_disabled-enabled,Regular Read,65536,3610,3650,3670,3700,3730,3760,3800,3704.9
cached_disabled-enabled,AVX512 Write,256,16,17,17,18,18,18,19,17.6
cached_disabled-enabled,NT Write,128,17,18,18,18,19,19,19,18.23
cached_disabled-enabled,AVX512 Write,512,17,18,18,18,18,19,19,18.18
cached_disabled-enabled,Regular Write,16384,630,640,640,640,640,640,650,639.39
cached_disabled-enabled,AVX512 Read,8192,70,70,70,70,70,70,70,71.47
cached_disabled-enabled,AVX512 Read,16384,130,130,130,130,130,140,140,132.45
cached_disabled-enabled,NT Write,64,17,17,18,18,18,19,19,17.95
cached_disabled-enabled,AVX512 Read,128,17,17,17,18,18,18,19,17.83
cached_disabled-enabled,NT Read,16384,140,140,140,140,140,140,150,140.51
cached_disabled-enabled,NT Read,8192,80,80,80,80,80,80,80,77.15
cached_disabled-enabled,NT Read,64,16,17,17,18,18,18,19,17.71
cached_disabled-enabled,NT Read,128,17,18,18,18,19,19,19,18.29
cached_disabled-enabled,AVX512 Read,512,18,19,19,19,20,20,20,19.27
cached_disabled-enabled,Regular Read,4096,220,220,230,250,250,250,250,241.83
cached_disabled-enabled,AVX512 Write,16384,100,100,100,100,100,100,100,98.46
cached_disabled-enabled,Regular Read,64,18,18,18,19,19,19,20,18.75
cached_disabled-enabled,Regular Write,1024,50,50,50,50,50,60,60,52.53
cached_disabled-enabled,Regular Write,4096,170,180,180,180,180,180,180,178.48
cached_disabled-enabled,AVX512 Read,64,16,17,17,17,18,18,19,17.44
cached_disabled-enabled,NT Read,32768,260,260,260,260,260,260,270,259.68
cached_disabled-enabled,AVX512 Write,65536,880,890,900,930,950,970,1010,930.44
cached_disabled-enabled,AVX512 Write,64,16,17,17,17,18,18,18,17.24
cached_disabled-enabled,AVX512 Read,65536,470,470,470,470,470,470,480,470.56
cached_disabled-enabled,AVX512 Read,32768,240,240,240,240,240,240,250,241.57
cached_disabled-enabled,Regular Write,256,23,24,24,24,24,25,25,24.16
cached_disabled-enabled,AVX512 Write,8192,50,50,50,50,50,50,50,52.92
cached_disabled-enabled,AVX512 Read,256,17,17,18,18,18,19,20,18.17
cached_disabled-enabled,Regular Read,8192,420,420,460,480,490,490,490,471.63
cached_disabled-enabled,NT Write,8192,380,390,390,390,390,400,400,390.08
cached_disabled-enabled,Regular Read,512,38,39,40,40,42,42,43,40.46
cached_disabled-enabled,Regular Read,1024,60,70,70,70,70,70,70,68.15
cached_disabled-enabled,NT Read,65536,500,500,510,510,510,510,510,507.8
cached_disabled-enabled,Regular Read,32768,1770,1770,1870,1870,1890,1900,1900,1863.61
cached_disabled-enabled,NT Write,32768,1220,1230,1230,1230,1230,1240,1240,1232.93
cached_disabled-enabled,NT Read,4096,50,50,50,50,50,50,50,47.34
shm,AVX512 read,2097152,74210,74680,74790,74900,75030,75280,83610,100740.34
shm,AVX512 write,16384,510,520,540,590,660,690,760,603.08
shm,Regular read,1572864,111830,112190,112640,113170,113840,114610,16120810,407307.25
shm,AVX512 read,1310720,51630,51880,51960,52050,52180,52450,54960,190109.58
shm,Regular read,1048576,75020,75080,75130,75590,75760,75990,8079030,276990.5
shm,AVX512 read,786432,33000,33080,33130,33190,33240,33300,33460,85943.1
shm,Regular read,1835008,130330,130790,131460,132310,133540,135260,24136950,515682.97
shm,AVX512 read,4096,430,440,450,460,470,480,480,1772.7
shm,Regular read,4096,420,440,460,470,480,490,500,1763.31
shm,AVX512 write,2621440,100660,100950,101170,101650,103470,106820,113930,102899.31
shm,AVX512 read,8192,840,840,840,850,880,880,880,3319.3
shm,AVX512 write,8192,180,190,200,220,240,270,290,223.46
shm,Regular write,1024,60,60,60,60,70,70,70,63.72
shm,AVX512 read,2883584,95070,95260,95410,95670,96200,97490,12100410,349185.84
shm,Regular read,3145728,221350,221840,222410,223130,224310,226480,24230220,906265.62
shm,AVX512 read,2048,240,240,240,240,250,250,250,964.33
shm,Regular write,524288,21590,21620,21650,21670,21700,21730,23470,21746.94
shm,AVX512 read,64,20,20,20,20,20,20,20,117.96
shm,AVX512 write,65536,2410,2430,2450,2480,2550,2760,2940,2533.77
shm,AVX512 write,4096,30,40,40,40,80,80,90,51.83
shm,AVX512 read,128,60,60,60,60,60,60,70,227.39
shm,Regular read,2097152,148280,148710,149520,150790,152370,155180,24156470,634872.94
shm,AVX512 read,2359296,81470,81730,81870,82090,82620,83860,94420,261093.34
shm,AVX512 read,1572864,59700,60150,60240,60340,60490,60820,64800,145837.23
shm,AVX512 read,1835008,67300,67540,67630,67730,67880,68270,8075110,292200.78
shm,AVX512 write,128,20,20,20,20,20,20,20,17.82
shm,Regular write,2097152,92260,92640,94520,96160,98470,103430,108370,97126.16
shm,Regular write,4096,190,200,200,210,220,220,230,209.41
shm,Regular write,1310720,56080,56280,56520,57020,57910,58910,61660,57392.63
shm,AVX512 read,32768,3170,3230,3270,3290,3300,3320,3330,13208.9
shm,Regular write,1048576,43740,43810,43870,43980,44240,44590,46450,44153.27
shm,Regular write,2359296,103680,104440,105160,106960,109610,111670,120070,107783.35
shm,AVX512 write,1048576,41040,41120,41170,41220,41280,41370,44520,41323.86
shm,Regular write,65536,2740,2750,2760,2770,2780,2840,2870,2779.84
shm,Regular read,65536,6250,6280,6300,6320,6340,6360,6390,25539.49
shm,AVX512 write,256,20,20,20,20,20,20,20,17.95
shm,Regular write,2621440,113650,114130,114790,115990,117250,119430,129190,116672.27
shm,Regular write,262144,10770,10800,10820,10830,10850,10870,10900,10849.25
shm,AVX512 read,3145728,101770,101940,102040,102190,102450,103160,20110570,492140.41
shm,Regular write,1572864,67750,68230,68680,69430,70390,71840,76340,69795.09
shm,AVX512 read,524288,22920,23000,23040,23080,23130,23170,23330,90876.57
shm,Regular read,128,70,70,70,70,80,80,80,349.81
shm,Regular read,2359296,166780,167450,168060,169110,170440,172050,24174760,658269.12
shm,AVX512 write,2883584,108140,108430,108660,109170,110180,112320,120060,109932.45
shm,AVX512 write,2359296,92400,92720,92920,93300,94330,96690,103420,94171.23
shm,AVX512 read,262144,12910,12960,12990,13020,13050,13080,14160,51611.38
shm,Regular write,32768,1360,1370,1380,1390,1410,1430,1440,1396.29
shm,Regular read,262144,19830,19860,19870,19920,19990,20010,20050,69447.55
shm,AVX512 write,64,20,20,20,20,20,20,20,19.29
shm,Regular read,1310720,93480,93610,93980,94420,95000,95760,16100100,368994.59
shm,AVX512 write,3145728,117040,117520,117670,117880,118380,119520,125140,118355.88
shm,AVX512 read,256,80,80,90,90,90,90,90,421.56
shm,Regular read,32768,3350,3380,3400,3420,3440,3460,3490,13437.43
shm,AVX512 write,262144,10120,10160,10190,10230,10280,10980,11470,10365.07
shm,AVX512 write,1310720,52370,52490,52580,52710,53040,53710,57240,52993.89
shm,Regular read,2883584,203040,203320,203920,204530,205520,207630,24211380,852883.31
shm,Regular read,524288,38240,38280,38300,38480,38580,38630,40340,166802.59
shm,AVX512 read,1048576,42760,42860,42920,42980,43050,43120,45060,177118.61
shm,AVX512 write,1572864,64370,64600,64710,64870,65310,66380,72170,65339.46
shm,AVX512 read,2621440,88220,88470,88610,88860,89680,91550,100760,196461.2
shm,Regular read,2621440,184840,185220,185820,186550,187540,189420,24193040,745573.75
shm,AVX512 read,512,100,100,110,110,110,110,110,551.0
shm,AVX512 write,2048,30,30,30,30,30,30,30,25.87
shm,Regular write,2883584,124030,124410,124800,125710,127280,129980,141130,126733.65
shm,Regular read,1024,130,140,150,160,160,170,180,691.04
shm,AVX512 write,2097152,84120,84490,84620,84770,85010,85990,92510,85215.41
shm,Regular read,64,20,20,20,20,20,20,70,112.44
shm,AVX512 read,65536,5310,5370,5390,5410,5420,5440,5460,22411.52
shm,AVX512 write,524288,20410,20470,20500,20550,20600,20740,22610,20696.98
shm,AVX512 write,1835008,75580,75920,76050,76210,76550,77680,83730,76662.48
shm,Regular read,786432,56620,56660,56690,57070,57150,57200,60040,221927.33
shm,Regular write,1835008,81680,82190,82840,84420,86560,89940,94280,85221.66
shm,Regular write,3145728,134650,135320,135880,136730,138600,141510,149940,137797.12
shm,AVX512 write,512,20,20,20,20,20,20,20,18.66
shm,AVX512 read,16384,1660,1670,1670,1680,1690,1700,1700,6746.15
shm,AVX512 write,1024,20,20,20,20,20,20,20,20.99
shm,AVX512 write,32768,1130,1150,1200,1240,1310,1360,1430,1253.4
shm,AVX512 read,1024,140,140,150,150,170,170,180,380.89
shm,Regular write,64,20,20,20,20,20,20,20,19.51
shm,AVX512 write,786432,30600,30680,30720,30770,30820,30910,33810,30959.93
shm,Regular write,128,20,20,20,20,20,20,20,19.74
shm,Regular write,786432,32440,32480,32510,32550,32590,32680,33290,32604.75
